{
  "builtin_entity_scope": [],
  "config": {
    "unit_name": "tfidf_vectorizer",
    "use_stemming": false,
    "word_clusters_name": null
  },
  "language_code": "en",
  "vectorizer": {
    "idf_diag": [
      4.405355391810819,
      5.386184644822546,
      5.791649752930709,
      5.791649752930709,
      5.791649752930709,
      5.791649752930709,
      5.386184644822546,
      4.086901660692284,
      2.9294488720012413,
      3.440274495767232,
      3.393754480132339,
      4.538886784435341,
      4.405355391810819,
      3.489064659936664,
      4.086901660692284,
      3.440274495767232,
      3.440274495767232,
      2.373923069317344,
      5.386184644822546,
      2.4072594895849355,
      4.6930374642626,
      4.086901660692284,
      3.393754480132339,
      4.6930374642626,
      4.875359021056555,
      3.265921108622454,
      3.9998902837026544,
      2.7712248667863473,
      3.9998902837026544,
      3.651583589434439,
      2.901277995034545,
      5.098502572370764,
      3.3067431031427095,
      4.086901660692284,
      4.405355391810819,
      4.086901660692284,
      3.440274495767232,
      3.9998902837026544,
      2.700607299572394,
      4.6930374642626,
      3.440274495767232,
      1.952197440337399,
      5.098502572370764,
      5.386184644822546,
      4.6930374642626,
      3.440274495767232,
      3.651583589434439,
      3.440274495767232,
      3.5403579543242145,
      4.405355391810819,
      3.8457396038753964,
      3.651583589434439,
      3.9198475760291185,
      3.7122082112508736
    ],
    "vocab": {
      "3": 0,
      "33": 1,
      "333three": 2,
      "33three3": 3,
      "3threethree": 4,
      "42": 5,
      "42093": 6,
      "?": 7,
      "and": 8,
      "attack": 9,
      "batman": 10,
      "be": 11,
      "calculate": 12,
      "cat": 13,
      "dhaka": 14,
      "entityfeaturelocation": 15,
      "entityfeaturemath": 16,
      "entityfeaturesearch": 17,
      "fifty": 18,
      "for": 19,
      "forecast": 20,
      "give": 21,
      "google": 22,
      "how": 23,
      "hundred": 24,
      "in": 25,
      "is": 26,
      "light": 27,
      "me": 28,
      "off": 29,
      "on": 30,
      "one": 31,
      "open": 32,
      "ottawa": 33,
      "out": 34,
      "play": 35,
      "please": 36,
      "s": 37,
      "search": 38,
      "some": 39,
      "switch": 40,
      "the": 41,
      "thirty": 42,
      "thousand": 43,
      "three": 44,
      "titan": 45,
      "turn": 46,
      "weather": 47,
      "what": 48,
      "wiki": 49,
      "wikipedia": 50,
      "will": 51,
      "you": 52,
      "youtube": 53
    }
  }
}